<?xml version="1.0" encoding="UTF-8" standalone="yes"?>
<addon id="plugin.video.mmline"
       name="MegaMovieLine"
       version="1.9.2"
       provider-name="o9r1sh">
  <requires>
    <import addon="xbmc.python" version="1.0"/>
    <import addon="script.module.urlresolver" version="1.0.0"/>
    <import addon="script.module.metahandler" version="1.0.0" />
  </requires>
  <extension point="xbmc.python.pluginsource"
            library="default.py">
        <provides>video</provides>
  </extension>
  <extension point="xbmc.addon.metadata">
    <summary>Watch Movies from MegaMovieLine.com</summary>
    <description>Watch Movies from MegaMovieLine.com</description>
    <platform>all</platform>
  </extension>
</addon>
