<?xml version="1.0" encoding="UTF-8" standalone="yes"?>
<addon id="plugin.video.videophile"
       name="VideoPhile"
       version="1.1.2.3"
       provider-name="o9r1sh, Graphics by Marquerite">
  <requires>
    <import addon="xbmc.python" version="2.1.0"/>
    <import addon="script.module.urlresolver" version="2.0.9"/>
    <import addon="script.module.metahandler" version="1.0.0" />
    <import addon="script.module.t0mm0.common" version="1.1.0"/>
    <import addon="script.common.plugin.cache" version="0.9.1"/>
  </requires>
  <extension point="xbmc.python.pluginsource"
            library="default.py">
        <provides>video</provides>
  </extension>
  <extension point="xbmc.addon.metadata">
    <summary>Play content from an ever growing list of sources</summary>
    <description>VideoPhile is a video site aggregator that enables you to watch content from many different sources.

Special thanks to Marquerite for the outstanding work on the graphics and To Eldorado, referencing his code has been instrumental in learning how to implement some of the features of this addon.
</description>
    <platform>all</platform>
  </extension>
</addon>
