<?xml version="1.0" encoding="UTF-8" standalone="yes"?>
<addon id="repository.o9r1sh" name="o9r1sh's Repo" version="1.0" provider-name="o9r1sh">
	<extension point="xbmc.addon.repository" name="o9r1sh's Addon Repository">
		<info compressed="false">http://dl.dropbox.com/u/183543803/My-Repo/addons.xml</info>
		<checksum>http://dl.dropbox.com/u/183543803/My-Repo/addons.xml.md5</checksum>
		<datadir zip="true">http://dl.dropbox.com/u/183543803/My-Repo/zips</datadir>
	</extension>
	<extension point="xbmc.addon.metadata">
		<summary>Install Addons from o9r1sh</summary>
		<description>Download and install addons from o9r1sh. For OFFICIAL !! Support Visit XBMCHUB.COM</description>
		<platform>all</platform>
	</extension>
</addon>


