<?xml version="1.0" encoding="UTF-8" standalone="yes"?>
<addon id="plugin.video.gogoanime"
       name="GoGo Anime"
       version="0.4"
       provider-name="o9r1sh">
  <requires>
    <import addon="xbmc.python" version="12.2.2.2.2"/>
    <import addon="script.module.urlresolver" version="1.0.0"/>
    <import addon="script.module.mechanize" version="0.2.5"/>
  </requires>
  <extension point="xbmc.python.pluginsource"
            library="default.py">
        <provides>video</provides>
  </extension>
  <extension point="xbmc.addon.metadata">
    <summary>Deprecated</summary>
    <description>GoGo Anime has been converted to a module for the VideoPhile Addon rendering this plugin Deprecated. If you would like to continue  Accessing GoGo Anime please install the VideoPhile Addon. Thanks</description>
    <platform>all</platform>
  </extension>
</addon>
