<?xml version="1.0" encoding="UTF-8" standalone="yes"?>
<addon id="plugin.video.gogoanime"
       name="GoGo Anime"
       version="0.3"
       provider-name="o9r1sh">
  <requires>
    <import addon="xbmc.python" version="1.0"/>
    <import addon="script.module.urlresolver" version="1.0.3"/>
    <import addon="script.module.mechanize" version="0.2.5"/>
  </requires>
  <extension point="xbmc.python.pluginsource"
            library="default.py">
        <provides>video</provides>
  </extension>
  <extension point="xbmc.addon.metadata">
    <summary>Watch Anime from gogoanime.com</summary>
    <description>gogoanime.com</description>
    <platform>all</platform>
  </extension>
</addon>
